{"RuleTriggered": 1, "Violations": 1, "Details": {"pin_memory": false, "num_workers": 0, "cores": 4, "dataloaders": 1, "dataloading_time": {"p25": 1.0286205000000002, "p50": 1.062762, "p95": 1.2460170000000002, "probs": [1, 0, 0, 0, 0, 0, 0, 1, 1, 0, 0, 0, 0, 0, 0, 0, 0, 1, 0, 0, 0, 0, 2, 0, 0, 0, 0, 1, 0, 0, 0, 0, 0, 0, 0, 0, 0, 0, 1, 0, 0, 0, 0, 0, 0, 0, 0, 1, 1, 0, 0, 0, 0, 0, 0, 0, 0, 0, 0, 0, 0, 0, 0, 0, 0, 0, 0, 0, 0, 0, 0, 0, 0, 0, 0, 0, 0, 0, 0, 0, 0, 0, 0, 0, 0, 0, 0, 0, 0, 0, 0, 0, 0, 0, 0, 0, 0, 0, 0, 1], "binedges": [0.981948, 0.9855105700000001, 0.98907314, 0.9926357100000001, 0.99619828, 0.99976085, 1.00332342, 1.00688599, 1.01044856, 1.01401113, 1.0175737, 1.02113627, 1.02469884, 1.02826141, 1.03182398, 1.0353865500000001, 1.03894912, 1.04251169, 1.0460742600000001, 1.04963683, 1.0531994, 1.0567619700000002, 1.06032454, 1.06388711, 1.06744968, 1.07101225, 1.07457482, 1.07813739, 1.0816999600000001, 1.08526253, 1.0888251, 1.0923876700000001, 1.09595024, 1.09951281, 1.1030753800000002, 1.10663795, 1.11020052, 1.11376309, 1.11732566, 1.12088823, 1.1244508, 1.1280133700000001, 1.13157594, 1.13513851, 1.1387010800000001, 1.14226365, 1.14582622, 1.1493887900000002, 1.15295136, 1.15651393, 1.1600765000000002, 1.16363907, 1.16720164, 1.1707642100000002, 1.1743267800000001, 1.17788935, 1.18145192, 1.1850144900000001, 1.18857706, 1.19213963, 1.1957022000000002, 1.19926477, 1.20282734, 1.2063899100000002, 1.20995248, 1.21351505, 1.21707762, 1.2206401900000001, 1.22420276, 1.22776533, 1.2313279000000001, 1.23489047, 1.23845304, 1.2420156100000002, 1.24557818, 1.24914075, 1.2527033200000002, 1.25626589, 1.25982846, 1.2633910300000002, 1.2669536000000001, 1.27051617, 1.2740787400000002, 1.2776413100000001, 1.28120388, 1.2847664500000002, 1.2883290200000002, 1.29189159, 1.29545416, 1.2990167300000002, 1.3025793, 1.30614187, 1.30970444, 1.3132670100000001, 1.31682958, 1.32039215, 1.3239547200000001, 1.32751729, 1.33107986, 1.3346424300000002, 1.338205]}}, "Datapoints": 11, "RuleParameters": "min_threshold:70\nmax_threshold:200"}