{"RuleTriggered": 0, "Violations": 22, "Details": {"low_gpu_utilization": 1606, "bottlenecks": {"1680739359.500311": {"GPUs": 1, "CPUs": 1}, "1680739367.000297": {"GPUs": 1, "CPUs": 1}, "1680739367.500331": {"GPUs": 1, "CPUs": 1}, "1680739368.000335": {"GPUs": 1, "CPUs": 1}, "1680739368.500358": {"GPUs": 1, "CPUs": 1}, "1680739371.000306": {"GPUs": 1, "CPUs": 1}, "1680739439.500314": {"GPUs": 1, "CPUs": 1}, "1680739559.000319": {"GPUs": 1, "CPUs": 1}, "1680739613.500309": {"GPUs": 1, "CPUs": 1}, "1680739614.00031": {"GPUs": 1, "CPUs": 1}, "1680739617.5003": {"GPUs": 1, "CPUs": 1}, "1680739618.001084": {"GPUs": 1, "CPUs": 1}, "1680739618.500298": {"GPUs": 1, "CPUs": 1}, "1680739619.501053": {"GPUs": 1, "CPUs": 1}, "1680739620.0003": {"GPUs": 1, "CPUs": 1}, "1680739620.500314": {"GPUs": 1, "CPUs": 1}, "1680739621.000293": {"GPUs": 1, "CPUs": 1}, "1680739632.500321": {"GPUs": 1, "CPUs": 1}, "1680739647.000311": {"GPUs": 1, "CPUs": 1}, "1680739648.000342": {"GPUs": 1, "CPUs": 1}, "1680739649.500352": {"GPUs": 1, "CPUs": 1}, "1680739650.000304": {"GPUs": 1, "CPUs": 1}}}, "Datapoints": 2330, "RuleParameters": "threshold:50\nio_threshold:50\ngpu_threshold:10\npatience:1000"}