{"RuleTriggered": 0, "Violations": 0, "Details": {"step_num": {"first": 1680739630642936, "last": 1680740519984906}, "job_start": 1680739359.00025, "job_end": 1680740519.500924}, "Datapoints": 729, "RuleParameters": "threshold:20"}