{"RuleTriggered": 0, "Violations": 0, "Details": {"ratio": {"gpu_functions-dev:0": 52.06559088730225, "cpu_functions": 47.93440911269776}, "phase": {"Step:ModeKeys.TRAIN": 14.833517887067158, "others": 82.39271918930517, "Step:ModeKeys.EVAL": 2.7737629236276673}, "phase_time": {}, "CPU": {"aten::conv2d": 15.495199913252774, "aten::convolution": 15.487389311172842, "aten::_convolution": 15.406041016189203, "aten::cudnn_convolution": 15.39692986143085, "aten::to": 3.481386440885865, "aten::copy_": 3.6372615045496484, "CudnnConvolutionBackward": 2.646602842560066, "aten::cudnn_convolution_backward": 2.603744713749722, "Optimizer.step#SGD.step": 3.8406541000369465, "enumerate(DataLoader)#_SingleProcessDataLoaderIter.__next__": 22.004790296172093}, "CPU_total": {"aten::conv2d": 8506824, "aten::convolution": 8502536, "aten::_convolution": 8457876, "aten::cudnn_convolution": 8452874, "aten::to": 1911272, "aten::copy_": 1996847, "CudnnConvolutionBackward": 1452978, "aten::cudnn_convolution_backward": 1429449, "Optimizer.step#SGD.step": 2108509, "enumerate(DataLoader)#_SingleProcessDataLoaderIter.__next__": 12080572}, "GPU": {"aten::conv2d": 14.76955223806965, "aten::convolution": 14.766887301649772, "aten::_convolution": 14.764665740709242, "aten::cudnn_convolution": 14.761844686162833, "aten::to": 2.475415258995054, "aten::copy_": 2.6285281115899894, "CudnnConvolutionBackward": 5.660985335496528, "aten::cudnn_convolution_backward": 5.658528036184935, "aten::cudnn_convolution_backward_input": 2.410376447482385, "aten::cudnn_convolution_backward_weight": 3.2427780027873645, "enumerate(DataLoader)#_SingleProcessDataLoaderIter.__next__": 18.86043884087224}, "GPU_total": {"aten::conv2d": 9460498, "aten::convolution": 9458791, "aten::_convolution": 9457368, "aten::cudnn_convolution": 9455561, "aten::to": 1585604, "aten::copy_": 1683679, "CudnnConvolutionBackward": 3626091, "aten::cudnn_convolution_backward": 3624517, "aten::cudnn_convolution_backward_input": 1543944, "aten::cudnn_convolution_backward_weight": 2077131, "enumerate(DataLoader)#_SingleProcessDataLoaderIter.__next__": 12080877}, "general": {"DataLoaderIterInitialize": 0.0067389648676330184, "DataLoaderIter": 12.002104418542926, "Forward": 87.99115661658944}}, "Datapoints": 0, "RuleParameters": ""}