{"RuleTriggered": 0, "Violations": 0, "Details": {"step_details": {"algo-1-27": {"step_stats": {"mean": 0.032133645833333335, "max": 6.858674, "p99": 0.02172616, "p95": 0.0184811, "p50": 0.0152855, "min": 0.013719}, "number_of_outliers": 1, "phase": "Step:ModeKeys.EVAL", "stddev": 0.33, "probs": [165, 120, 56, 75, 5, 6, 3, 0, 0, 0, 0, 0, 0, 0, 0, 0, 0, 0, 0, 0, 0, 0, 0, 0, 0, 0, 0, 0, 0, 0, 0, 0, 0, 0, 0, 0, 0, 0, 0, 0, 0, 0, 0, 0, 0, 0, 0, 0, 0, 0, 0, 0, 0, 0, 0, 0, 0, 0, 0, 0, 0, 0, 0, 0, 0, 0, 0, 0, 0, 0, 0, 0, 0, 0, 0, 0, 0, 0, 0, 0, 0, 0, 0, 0, 0, 0, 0, 0, 0, 0, 0, 0, 0, 0, 0, 0, 0, 0, 0, 1], "binedges": [0.013719, 0.015022520000000001, 0.01632604, 0.01762956, 0.018933079999999998, 0.0202366, 0.02154012, 0.02284364, 0.02414716, 0.025450679999999996, 0.0267542, 0.02805772, 0.029361239999999997, 0.03066476, 0.03196828, 0.0332718, 0.03457532, 0.035878839999999995, 0.03718236, 0.03848588, 0.039789399999999996, 0.04109292, 0.04239644, 0.043699959999999996, 0.04500348, 0.046307, 0.047610519999999996, 0.04891404, 0.05021756, 0.05152108, 0.0528246, 0.054128119999999995, 0.05543164, 0.05673516, 0.058038679999999995, 0.0593422, 0.06064571999999999, 0.061949239999999996, 0.06325275999999999, 0.06455628, 0.0658598, 0.06716332, 0.06846683999999999, 0.06977035999999999, 0.07107387999999999, 0.0723774, 0.07368092, 0.07498443999999999, 0.07628795999999999, 0.07759147999999999, 0.07889499999999999, 0.08019851999999998, 0.08150203999999998, 0.08280555999999999, 0.08410907999999999, 0.08541259999999999, 0.08671612, 0.08801963999999998, 0.08932315999999998, 0.09062667999999999, 0.09193019999999999, 0.09323371999999999, 0.09453723999999998, 0.09584075999999998, 0.09714427999999999, 0.09844779999999999, 0.09975131999999999, 0.10105483999999998, 0.10235835999999998, 0.10366187999999998, 0.10496539999999999, 0.10626891999999999, 0.10757243999999998, 0.10887595999999998, 0.11017947999999998, 0.11148299999999998, 0.11278651999999999, 0.11409003999999999, 0.11539355999999998, 0.11669707999999998, 0.11800059999999998, 0.11930411999999999, 0.12060763999999999, 0.12191115999999998, 0.12321467999999998, 0.12451819999999998, 0.12582172, 0.12712524, 0.12842876, 0.12973227999999998, 0.13103579999999998, 0.13233931999999998, 0.13364283999999998, 0.13494636, 0.13624988, 0.1375534, 0.13885692, 0.14016044, 0.14146396, 0.14276748, 0.144071], "step_numbers": ["0"]}}}, "Datapoints": 729, "RuleParameters": "threshold:3\nmode:None\nn_outliers:10\nstddev:3"}